Revocacao;Precisao
0;10.0
0.1;9.5
0.2;4.399999999999992
0.3;1.448387096774194
0.4;0.11221820899240244
0.5;0.029426476794897773
0.6;0.018130610807956367
0.7;0.015464483602056598
0.8;0.014189556419582782
0.9;0.013612229152176504
1;0.013568521031207599
