Posição;DCG
1;4.0
2;8.0
3;8.0
4;8.0
5;9.722706232293572
6;9.722706232293572
7;9.722706232293572
8;9.722706232293572
9;9.722706232293572
10;9.722706232293572
