Posição;DCG
1;4.0
2;8.0
3;8.0
4;8.0
5;8.0
6;9.547411228938167
7;9.547411228938167
8;9.547411228938167
9;9.547411228938167
10;9.547411228938167
